,mean_abs_shap
delay_max,0.30898
delay_last,0.27814
pay_amt_mean,0.17776
limit_bal,0.13261
delay_mean,0.11882
pay_status_1,0.09606
zero_pay_months,0.0861
util_last,0.08603
util_trend,0.0798
bill_growth,0.06395
util_mean,0.06202
pay_ratio_mean,0.05873
util_max,0.05867
married,0.05591
pay_status_6,0.05379
months_delayed,0.04108
age,0.04091
education,0.04057
pay_ratio_last,0.04006
months_no_use,0.01841
pay_status_3,0.01576
pay_status_5,0.01279
delay_trend,0.01158
pay_status_2,0.01066
over_limit_months,0.0102
pay_status_4,0.00998
