threshold,net_value_ntd,flagged,defaulters_caught
0.05,-963700.4000000022,5488,1304
0.06,888026.6999999955,5170,1284
0.07,1865222.3000000007,4867,1255
0.08,2999811.5999999996,4583,1237
0.09,3677900.299999999,4288,1205
0.1,5000670.900000002,4009,1186
0.11,5835584.300000003,3761,1158
0.12,6604846.299999999,3529,1126
0.13,7005223.199999999,3305,1098
0.14,7406922.999999998,3083,1065
0.15,7926766.499999997,2883,1039
0.16,7921557.799999999,2687,997
0.17,8052563.9,2511,970
0.18,8194847.099999998,2337,941
0.19,7887247.299999998,2203,912
0.2,8184885.299999999,2072,887
0.21,8410240.3,1964,872
0.22,8379157.499999998,1879,857
0.23,8396681.2,1787,843
0.24,8554966.899999999,1707,824
0.25,8646620.899999999,1642,814
0.26,8771203.9,1563,791
0.27,8550541.599999998,1499,769
0.28,8491176.799999999,1456,755
0.29,8617781.4,1409,750
0.3,8608487.9,1365,733
0.31,8501746.8,1331,721
0.32,8456100.4,1290,705
0.33,8462403.7,1257,691
0.34,8549078.9,1202,672
0.35,8507926.099999998,1167,659
0.36,8434569.599999998,1116,641
0.37,8481066.999999998,1076,629
0.38,8389809.799999999,1053,619
0.39,8457032.0,1021,612
0.4,8437678.799999999,988,597
0.41,8407418.4,957,587
0.42,8349995.699999999,926,572
0.43,8307837.9,899,560
0.44,8315369.7,862,546
0.45,8302284.799999999,838,536
0.46,8221528.2,819,528
0.47,8190644.7,800,519
0.48,8143426.799999999,782,509
0.49,8080260.4,755,499
0.5,7997607.799999999,736,492
0.51,7943885.300000001,721,486
0.52,7869703.9,707,479
0.53,7850059.799999999,693,472
0.54,7777344.699999999,680,464
0.55,7666107.8,667,455
0.56,7679173.1000000015,647,445
0.57,7589613.200000001,634,439
0.58,7486943.600000001,622,434
0.59,7442129.8999999985,611,427
0.6,7291392.199999999,592,415
0.61,7159396.6,578,406
0.62,7036067.700000001,561,397
0.63,6869097.6,540,386
0.64,6651772.199999999,517,374
0.65,6434649.0,486,364
0.66,6180711.7,460,346
0.67,5610870.499999999,435,328
0.68,5200320.8,406,309
0.69,4966063.199999999,380,290
0.7,4443821.1,343,264
0.71,3543300.9,308,237
0.72,3227815.0,287,221
0.73,2843938.2,263,205
0.74,2413635.3000000003,226,178
0.75,2027985.6,202,161
0.76,1728163.7999999998,179,146
0.77,1506130.7,160,132
0.78,1368178.9000000004,138,117
0.79,1192911.2000000002,122,103
0.8,990760.2,99,87
0.81,859958.6000000001,82,73
0.82,641893.3000000002,62,58
0.83,433397.2,45,43
0.84,305727.89999999997,30,29
0.85,161394.90000000002,19,18
0.86,6874.8,13,12
0.87,5411.1,11,10
0.88,4751.1,8,8
0.89,4661.1,7,7
0.9,3941.1,6,6
0.91,2186.1,3,3
0.92,0.0,0,0
0.93,0.0,0,0
0.94,0.0,0,0
0.95,0.0,0,0
